zone_id,name,geometry
1,A2,"POLYGON ((-111.949997 33.419998, -111.939995 33.419998, -111.939995 33.410000, -111.949997 33.410000, -111.949997 33.419998))"
2,A3,"POLYGON ((-111.949997 33.410000, -111.939995 33.410000, -111.939995 33.399998, -111.949997 33.399998, -111.949997 33.410000))"
1000,B1,"POLYGON ((-111.939995 33.430000, -111.930000 33.430000, -111.930000 33.419998, -111.939995 33.419998, -111.939995 33.430000))"
1001,B2,"POLYGON ((-111.939995 33.419998, -111.930000 33.419998, -111.930000 33.410000, -111.939995 33.410000, -111.939995 33.419998))"
1002,B3,"POLYGON ((-111.939995 33.410000, -111.930000 33.410000, -111.930000 33.399998, -111.939995 33.399998, -111.939995 33.410000))"
2000,C1,"POLYGON ((-111.930000 33.430000, -111.919998 33.430000, -111.919998 33.419998, -111.930000 33.419998, -111.930000 33.430000))"
2001,C2,"POLYGON ((-111.930000 33.419998, -111.919998 33.419998, -111.919998 33.410000, -111.930000 33.410000, -111.930000 33.419998))"
2002,C3,"POLYGON ((-111.930000 33.410000, -111.919998 33.410000, -111.919998 33.399998, -111.930000 33.399998, -111.930000 33.410000))"
3001,D2,"POLYGON ((-111.919998 33.419998, -111.909996 33.419998, -111.909996 33.410000, -111.919998 33.410000, -111.919998 33.419998))"
